{
  "H": {
    "mass": 1.00794
  },
  "D": {
    "mass": 2.0141
  },
  "He": {
    "mass": 4.0026
  },
  "Li": {
    "mass": 6.94004
  },
  "Be": {
    "mass": 9.01218
  },
  "B": {
    "mass": 10.81103
  },
  "C": {
    "mass": 12.01074
  },
  "N": {
    "mass": 14.0067
  },
  "O": {
    "mass": 15.9994
  },
  "F": {
    "mass": 18.9984
  },
  "Ne": {
    "mass": 20.18005
  },
  "Na": {
    "mass": 22.98977
  },
  "Mg": {
    "mass": 24.30505
  },
  "Al": {
    "mass": 26.98154
  },
  "Si": {
    "mass": 28.0855
  },
  "P": {
    "mass": 30.97376
  },
  "S": {
    "mass": 32.06479
  },
  "Cl": {
    "mass": 35.45294
  },
  "Ar": {
    "mass": 39.9478
  },
  "K": {
    "mass": 39.0983
  },
  "Ca": {
    "mass": 40.07802
  },
  "Sc": {
    "mass": 44.95591
  },
  "Ti": {
    "mass": 47.86674
  },
  "V": {
    "mass": 50.94147
  },
  "Cr": {
    "mass": 51.99613
  },
  "Mn": {
    "mass": 54.93804
  },
  "Fe": {
    "mass": 55.84514
  },
  "Co": {
    "mass": 58.93319
  },
  "Ni": {
    "mass": 58.69335
  },
  "Cu": {
    "mass": 63.54604
  },
  "Zn": {
    "mass": 65.37778
  },
  "Ga": {
    "mass": 69.72307
  },
  "Ge": {
    "mass": 72.62755
  },
  "As": {
    "mass": 74.92159
  },
  "Se": {
    "mass": 78.95939
  },
  "Br": {
    "mass": 79.90353
  },
  "Kr": {
    "mass": 83.798
  },
  "Rb": {
    "mass": 85.46766
  },
  "Sr": {
    "mass": 87.61664
  },
  "Y": {
    "mass": 88.90584
  },
  "Zr": {
    "mass": 91.22364
  },
  "Nb": {
    "mass": 92.90637
  },
  "Mo": {
    "mass": 95.95979
  },
  "Ru": {
    "mass": 101.06494
  },
  "Rh": {
    "mass": 102.9055
  },
  "Pd": {
    "mass": 106.41533
  },
  "Ag": {
    "mass": 107.86815
  },
  "Cd": {
    "mass": 112.41156
  },
  "In": {
    "mass": 114.81809
  },
  "Sn": {
    "mass": 118.71011
  },
  "Sb": {
    "mass": 121.75978
  },
  "Te": {
    "mass": 127.60313
  },
  "I": {
    "mass": 126.90447
  },
  "Xe": {
    "mass": 131.29276
  },
  "Cs": {
    "mass": 132.90545
  },
  "Ba": {
    "mass": 137.32689
  },
  "La": {
    "mass": 138.90547
  },
  "Ce": {
    "mass": 140.11573
  },
  "Pr": {
    "mass": 140.90766
  },
  "Nd": {
    "mass": 144.2416
  },
  "Sm": {
    "mass": 150.36636
  },
  "Eu": {
    "mass": 151.96438
  },
  "Gd": {
    "mass": 157.25213
  },
  "Tb": {
    "mass": 158.92535
  },
  "Dy": {
    "mass": 162.49947
  },
  "Ho": {
    "mass": 164.93033
  },
  "Er": {
    "mass": 167.25908
  },
  "Tm": {
    "mass": 168.93422
  },
  "Yb": {
    "mass": 173.05415
  },
  "Lu": {
    "mass": 174.96681
  },
  "Hf": {
    "mass": 178.48498
  },
  "Ta": {
    "mass": 180.94788
  },
  "W": {
    "mass": 183.84178
  },
  "Re": {
    "mass": 186.2067
  },
  "Os": {
    "mass": 190.22486
  },
  "Ir": {
    "mass": 192.21605
  },
  "Pt": {
    "mass": 195.08446
  },
  "Au": {
    "mass": 196.96657
  },
  "Hg": {
    "mass": 200.59917
  },
  "Tl": {
    "mass": 204.38341
  },
  "Pb": {
    "mass": 207.21691
  },
  "Bi": {
    "mass": 208.9804
  },
  "Th": {
    "mass": 232.03806
  },
  "Pa": {
    "mass": 231.03588
  },
  "U": {
    "mass": 238.02891
  }
}
